{
  "final_reproj_error": 0.24842058317855029,
  "fps": 60,
  "image_width": 960,
  "image_height": 720,
  "intrinsic_type": "FISHEYE",
  "intrinsics": {
    "focal_length": 370.70971562411717,
    "aspect_ratio": 1.001743727076228,
    "principal_pt_x": 479.0406656350001,
    "principal_pt_y": 359.59809290089794,
    "radial_distortion_1": 0.1295105926479971,
    "radial_distortion_2": -0.17083126564795303,
    "radial_distortion_3": 0.13222217765082872,
    "radial_distortion_4": -0.03860444071004492,
    "skew": 0.0
  },
  "cam_imu_reproj_error": 1.191482172701379,
  "t_i_c": {
    "x": -0.0028567539209795978,
    "y": -0.013544325139892394,
    "z": -0.05169324632732509
  },
  "q_i_c": {
    "w": -0.0006573852845036441,
    "x": 0.707660336361158,
    "y": -0.7065339077756896,
    "z": 0.0051238022028396385
  }
}