{
  "final_reproj_error": 0.1943865024739918,
  "fps": 60,
  "image_height": 720,
  "image_width": 960,
  "intrinsic_type": "FISHEYE",
  "intrinsics": {
    "aspect_ratio": 0.9975260187698063,
    "focal_length": 335.39448189603064,
    "principal_pt_x": 478.2114536724066,
    "principal_pt_y": 361.42302835791327,
    "radial_distortion_1": 0.21419405818188259,
    "radial_distortion_2": -0.24852750169413323,
    "radial_distortion_3": 0.22058169206298867,
    "radial_distortion_4": -0.07364040852976493,
    "skew": 0.0
  },
  "cam_imu_reproj_error": 0.6494459724951834,
  "t_i_c": {
    "x": 0.0033064112582244084,
    "y": -0.005797932276233654,
    "z": -0.007053287600665187
  },
  "q_i_c": {
    "w": -0.00227057,
    "x": -0.000148827,
    "y": -0.708432,
    "z": 0.705775
  }
}