{
  "final_reproj_error": 0.3010542546938107,
  "fps": 60,
  "image_width": 960,
  "image_height": 720,
  "intrinsic_type": "FISHEYE",
  "intrinsics": {
    "focal_length": 358.2296133641649,
    "aspect_ratio": 1.0024255887122164,
    "principal_pt_x": 479.6298843715664,
    "principal_pt_y": 362.72476916066876,
    "radial_distortion_1": 0.15333148665636703,
    "radial_distortion_2": -0.17954742253737027,
    "radial_distortion_3": 0.135492036887218,
    "radial_distortion_4": -0.03906457275278272,
    "skew": 0.0
  },
  "cam_imu_reproj_error": 1.1010405952190423,
  "t_i_c": {
    "x": 0.001107361762977589,
    "y": -0.006446449346178668,
    "z": -0.002040409123069892
  },
  "q_i_c": {
    "w": -0.004027565897993909,
    "x": -0.002253580697913613,
    "y": -0.7059831239556187,
    "z": 0.708213618039671
  }
}